Hours Used Per Day,Cost,User Age,Needs Replacement,Primary Usage,Brand,Computer Age (Months)
16.89428369,35266.8221,22.91722397,0,3,2,17.58335924
7.247563169,45843.37058,22.07779155,0,3,3,40.4131477
5.384026161,45981.07025,59.65651109,0,3,4,11.42425654
5.246546519,20297.32086,22.22413339,0,4,5,35.2334834
8.86847528,43341.38919,23.50113439,0,3,2,54.3380642
10.88902525,33822.00801,51.28570096,0,1,4,19.89068888
20.11183093,49665.21624,33.63517102,0,2,3,40.54498459
3.75749515,34496.96228,52.27250175,0,1,2,12.08631174
17.90329449,49606.87836,11.72587098,0,1,2,37.86292852
13.22346303,42637.08084,35.79155804,0,4,4,20.85057076
7.622742882,27458.14654,9.91597521,0,3,2,13.46128726
12.33485044,36151.84938,11.5712326,0,2,5,19.47774099
7.898667605,49764.06918,59.66693484,0,1,5,11.55162304
14.70988497,45725.91823,15.93698615,0,3,4,54.21305036
10.97841023,22921.00681,38.34797889,0,3,3,24.43402629
4.781327169,41191.1599,31.43244935,0,4,4,15.47147899
3.681410715,30367.38758,27.7985696,0,4,5,27.45606262
13.57400069,20209.46786,59.2905007,0,4,1,19.91163384
21.75549977,32104.42907,9.243933616,0,2,1,44.92073597
8.911026791,27042.63265,45.83601211,0,1,2,58.3019748
17.85900247,44566.07812,62.91348275,0,4,2,26.84398575
16.14921116,30119.91827,39.92958646,0,4,1,51.8009706
22.42576303,44825.71082,61.39888034,0,4,5,34.38592134
19.8825634,20017.93817,10.97869912,0,1,2,10.27690424
14.03192095,29234.5745,31.87121919,0,1,4,41.74674178
16.11170146,27234.95643,22.82899408,0,4,4,31.29263533
21.66288873,27007.02083,49.656795,0,4,5,39.38578487
10.18893205,22045.59859,63.93393416,0,3,2,53.49155734
8.516278235,25613.72811,22.62221356,0,4,4,26.98563967
1.248654924,36666.4871,45.28795228,0,2,2,54.16947977
20.01067471,28740.83219,19.29156507,0,2,2,45.28947184
19.42255611,32521.84347,40.22382451,0,4,4,29.82769063
3.402453916,31306.00641,34.44415174,0,1,1,36.590106
14.26771977,46277.14775,63.40430379,0,3,4,20.20928682
11.67157906,47158.96997,42.68605454,0,1,5,59.03224068
3.730309197,34788.70915,27.92186321,0,4,3,40.37371862
23.55306922,29904.67851,14.50345974,0,2,4,3.586964297
5.938005412,23204.02112,16.62106924,0,3,2,20.27069244
2.546386142,48602.08638,20.84306501,0,1,2,37.77555159
14.68148973,21806.80835,22.3050997,0,1,4,4.32366339
17.99393357,28929.50833,56.4851153,0,4,3,2.409167288
1.746199259,28941.98604,39.98969893,0,3,4,27.55143013
16.15050569,29612.03858,37.83328195,0,2,3,20.6287206
13.24271315,24928.6053,14.5418257,0,4,3,26.85961787
3.375095204,43494.84293,57.02796252,0,3,5,16.49890528
4.96804917,23674.93586,49.20041528,0,1,2,10.71834707
14.06340884,39047.19977,11.85709663,0,4,2,41.65945806
7.816225111,23715.3808,48.34660054,0,1,3,31.35969586
22.58126176,22116.06913,38.98167839,0,1,2,12.80909846
19.83102528,47282.88511,12.65834471,0,4,1,19.85577615
23.62204575,25703.86299,34.12313657,0,4,3,35.91666655
6.972429296,44637.50464,35.62768837,0,4,2,5.261531548
23.30364355,36338.92613,17.44914879,0,4,1,9.699727547
10.91837901,22335.69559,61.90479438,0,4,5,5.321490642
22.17731082,16907.3274,56.44859617,1,1,2,48.92672263
8.992932292,48663.44574,46.13427323,0,2,1,45.39214476
2.15803912,27408.83501,34.35084698,0,2,4,45.44546298
2.213600931,45789.36036,31.47063587,0,4,4,43.26319527
16.91625889,25064.30017,45.10548763,0,1,1,40.49374
11.53236687,45618.28646,39.08961656,0,2,3,29.14252301
6.209997399,20396.86439,11.54956704,0,2,3,38.89441165
15.12131705,35353.4137,37.21265098,0,2,2,3.263331732
6.81573672,43083.27738,53.96500618,0,1,4,37.66640094
14.28553035,48043.86552,34.17667302,0,4,3,46.89478463
9.261801181,47276.06409,10.96152492,0,4,3,30.52114326
19.94170121,44588.74609,52.81785736,0,4,4,22.09328638
19.8760117,46645.74049,19.47773558,0,3,5,17.36817735
11.97905916,25976.59058,22.74138759,0,3,3,38.92532096
9.068839515,28525.52887,17.38826215,0,3,1,41.87527072
9.338875321,28669.05575,26.8222587,0,1,2,52.38708839
19.53143409,31311.61793,51.13483582,0,2,3,21.19771087
8.548128104,31799.62011,37.60499399,0,2,3,46.41656614
5.808365595,36336.65974,19.67823263,0,1,5,34.11999363
2.947831863,24796.3929,58.03631445,0,1,1,53.08735295
23.36593755,13302.91308,58.13616573,1,4,2,32.14091439
11.73394178,40737.39991,57.62297023,0,4,3,31.54015988
12.08903828,25026.99618,21.61138405,0,3,2,35.09474781
20.34090034,29309.25446,33.72064262,0,3,4,45.20960595
6.088490018,35100.35392,64.1444104,0,1,3,57.91673825
9.762799294,43893.21685,52.00471115,0,3,3,5.340237899
19.59333199,42184.077,9.54854301,0,2,4,4.152641541
19.94334305,39366.03069,11.7166617,0,1,5,56.31546991
9.846054748,24673.19782,34.44408848,0,1,3,32.26266191
11.55985254,36411.36037,59.82555173,0,2,2,37.27927786
7.97557549,22623.39505,38.70600248,0,4,1,29.46299249
22.4487622,31320.8953,36.37531296,0,4,2,6.525789704
3.728806612,32405.49591,14.0120009,0,2,5,46.31727333
22.61826141,13443.84468,45.43646597,1,2,1,45.08625406
22.47623673,21194.34318,54.85988015,0,3,2,19.39049597
16.72892839,28219.64298,29.68394043,0,1,2,19.06811547
20.86880371,20701.27842,52.2098755,1,3,4,50.43264147
13.22615951,48669.48402,62.97516927,0,2,5,5.269078207
1.751158398,48608.97823,19.61468817,0,3,4,52.98520375
11.93871241,30569.81163,37.82978898,0,2,1,16.1430397
15.32957616,8914.252802,24.36686361,1,3,4,35.98610012
10.37820642,21293.00327,53.19270188,0,3,5,56.22365656
4.708032675,25372.84818,40.92282186,0,4,3,41.00922759
16.09742088,31766.5338,44.1711978,0,2,3,25.45135894
23.33647087,48433.39094,53.4811071,0,3,1,41.68251833
13.93034265,24235.97191,30.57031694,0,1,3,21.29479854
17.43932536,42905.47531,60.1601339,0,3,4,17.35824656
2.574360409,23260.47618,38.38264543,0,3,1,59.8043134
10.6063409,49437.72732,17.0034249,0,1,5,45.29662364
3.676245159,31448.49497,47.66624974,0,2,1,39.03847867
15.09430422,43257.03617,53.21589697,0,4,1,21.96208895
22.58508964,30277.73248,26.05541559,0,4,2,3.90048892
16.22088785,38830.06631,56.85921765,0,4,2,2.832355686
2.766470111,25760.48254,59.65016552,0,1,1,33.69669407
9.157322715,24380.63058,23.78355578,0,3,3,45.95993054
13.66525773,48141.92419,64.06072394,0,2,2,32.70537224
10.27377839,47529.41834,16.0205571,0,3,5,50.60631924
20.17381224,46624.06821,19.5148931,0,4,4,2.972165453
19.73743311,38763.0035,18.50081584,0,3,2,22.63837251
15.07211346,44248.04634,58.95741347,0,1,1,14.98715308
9.589532738,22071.10811,45.29467548,0,1,3,27.38910512
6.872736597,30043.67126,16.66994414,0,2,4,5.270207198
3.435109319,29411.09374,33.09843485,0,2,2,57.29376685
9.16264672,39069.35966,43.07198743,0,4,3,14.17206866
10.5029679,30678.7332,12.75745284,0,2,3,55.41615875
16.54392728,24455.20345,58.297733,0,3,3,26.12769615
16.13767596,37894.01226,53.80540152,0,1,1,59.14592386
2.612487212,44431.51762,36.79678609,0,1,5,33.68944462
10.09096425,31463.70483,63.12621707,0,1,3,55.91913899
5.180913946,23968.06145,31.81237582,0,2,4,1.315590333
4.606692222,25900.64592,64.09428819,0,1,2,45.14608956
20.02794944,27124.49916,46.07143993,0,1,4,54.27998853
1.964049984,28996.92779,44.17626258,0,1,1,9.243513452
10.64120615,39283.85212,17.45942903,0,4,1,6.671425252
4.868684083,38028.36454,58.26988222,0,4,4,26.04978382
21.22459496,40882.39585,32.36691221,0,2,5,56.08705546
13.81193181,30875.05954,17.24730413,0,1,1,33.00080705
6.321754637,44719.92956,8.718628639,0,2,1,32.11993136
12.5558276,26122.62983,39.90607397,0,1,4,9.32644098
17.82418627,34071.22243,38.06177846,0,1,1,1.046581154
23.03671421,44028.16165,49.00315648,0,1,5,48.79826535
6.070258098,25404.75943,58.74470902,0,2,5,6.166899216
21.38218076,23295.89341,12.52617532,0,2,5,38.39713931
22.48899463,46510.51903,49.69529995,0,1,2,54.96237082
22.07767252,30287.88988,18.68248081,0,3,5,13.31046288
15.61453021,40516.10375,56.91609203,0,2,5,40.25109734
15.48587505,20760.45813,54.68662029,0,4,2,5.643216026
10.27384456,40701.40665,38.82524403,0,2,3,36.62155349
18.30515129,29483.03935,48.48383952,0,1,1,10.67197154
13.21976242,21672.22561,25.91795645,0,3,5,44.42126007
16.58107564,38294.38285,34.85657024,0,1,1,18.77264639
10.85453179,27224.11448,54.83330317,0,4,4,28.34006952
17.82441867,31604.21726,34.17811624,0,2,1,36.36640198
19.9628449,22417.42437,28.39450112,0,2,2,11.10513123
4.368033902,24414.89753,36.17010949,0,1,1,44.7566313
20.15738346,28939.31706,55.21020739,0,1,1,18.8557801
13.42682023,22692.78502,27.1068587,0,4,1,40.07993973
20.42731591,47324.78794,17.90441081,0,3,3,10.33869999
10.91993925,20181.4113,48.58479916,0,4,3,41.59894189
9.717931164,34515.80657,55.08075812,0,3,4,8.563096296
22.04639685,23697.42374,13.73633628,0,2,2,26.09603328
6.776893154,29230.37268,21.67282443,0,3,1,15.58515835
20.41688348,47781.78679,16.09240342,0,3,1,45.15413972
12.13247317,24850.8366,27.83266046,0,2,1,16.46006527
12.82419518,48974.96959,33.6700058,0,2,1,53.02132108
8.094770474,26173.83131,50.68310121,0,2,3,53.61739247
14.17997061,42246.98325,45.11541234,0,4,4,12.5900376
8.479857514,36400.31795,43.39292835,0,2,5,37.21691076
15.37939251,21405.06638,28.08537196,1,1,2,6.175340861
1.903196528,46534.36183,55.96251053,0,2,1,24.10068888
7.255967923,36619.79767,34.86336854,0,2,4,43.08598204
1.146717998,36036.77657,63.80898147,0,2,5,39.90597156
23.5021601,25863.74001,44.14610188,0,3,4,37.85733949
23.21218583,24986.88086,15.19709027,0,4,3,17.66991096
10.08857184,47494.67453,46.54212104,0,2,5,23.30347202
17.75252965,29835.14597,26.53092888,0,4,4,7.073822537
8.953540263,31162.46765,47.12065021,0,1,3,43.42234641
16.43514261,42794.70975,11.96954545,0,1,4,30.72943901
19.52489099,30164.70447,17.96824192,0,2,4,42.81717231
22.77539363,48561.8734,56.77702376,0,1,5,15.68766796
10.20488234,42137.83307,20.94923475,0,4,3,20.14185549
19.01585361,37922.87728,55.71134414,0,3,1,20.7187049
23.56032385,17974.94228,23.91873704,1,2,2,2.518802175
7.116354365,46426.85482,44.64426887,0,1,5,21.1218245
23.77764299,21488.17725,47.56658269,0,4,3,48.39496984
1.592700772,27711.88077,37.22132093,0,4,4,53.94061125
14.88116255,33951.09003,25.40270857,0,1,3,31.57488062
16.16863758,26809.35618,20.12072945,0,4,2,27.87460002
16.82504781,42317.15562,9.89179321,0,4,2,2.818652503
3.768914312,47576.24093,25.32494487,0,2,1,52.87305592
22.58618502,32713.1036,45.23027906,0,4,1,1.767602592
5.167215418,30263.978,61.48337465,0,1,2,56.74025473
15.32332827,48846.52196,57.65865549,0,2,5,29.86375867
6.12154982,33345.57298,51.66569226,0,1,5,21.17413512
8.065977591,34671.45201,52.94149857,0,3,4,55.52888766
12.12341395,13379.39548,45.9041395,1,1,1,2.439068593
13.56854646,30549.49617,22.83635088,0,1,4,35.3040688
10.59544863,47286.45419,59.71011675,0,2,1,33.38701895
4.685188822,37068.6645,46.23174178,0,4,2,13.93990367
4.931537256,42865.23762,39.94511597,0,1,5,26.30435845
10.61733013,44354.20155,14.32639975,0,2,5,39.48357635
20.59259968,14160.57233,33.482166,1,3,2,43.90074062
18.4175085,30255.47126,34.24042146,0,2,4,1.042294664
21.65318688,33010.82994,57.28012574,0,2,4,56.27435238
2.934936232,45454.15323,39.15894855,0,4,3,10.70699697
10.04138987,30897.66055,29.68283129,0,1,1,14.78124562
3.305647966,43818.054,63.67761873,0,3,4,16.5449333
1.381627055,48229.76968,14.31107382,0,2,2,3.231388057
16.2195297,38696.31119,32.08526041,0,1,4,8.260075292
14.85633717,42248.81862,10.39540648,0,1,5,59.19464545
4.749439618,44152.91936,50.17453488,0,2,1,19.59778751
20.47495395,10132.94414,60.33036348,1,1,3,7.80276433
6.377695161,45351.18947,23.96212778,0,2,1,7.312484409
1.545278334,31851.60014,56.92547558,0,2,5,43.44813809
20.20378573,21537.90378,24.65643914,0,2,5,51.41955118
19.47227449,20042.28665,59.91389921,1,3,5,16.16018567
23.41788371,32056.28814,50.97582851,0,2,5,2.233661228
4.115569346,40212.68689,53.87968628,0,4,2,14.16231109
6.323929917,33510.51157,9.026373669,0,1,3,4.334425757
20.97341905,42468.89453,62.88019035,0,3,5,7.100301261
22.30866735,30709.47288,49.42024655,0,1,5,26.45897907
10.6514298,39042.32423,25.37081244,0,3,4,14.56518388
2.164316862,25592.59415,55.2754959,0,4,3,31.44080683
1.906012175,42481.0831,24.04670831,0,3,1,15.95613144
14.20084692,36370.87906,57.74696886,0,3,3,56.49170077
10.0365875,26121.93166,14.41708225,0,3,3,54.45069411
1.659005834,28757.3352,48.11010072,0,1,3,34.4415602
14.41480502,42458.26126,38.81981317,0,2,5,21.91101553
1.259958342,34478.03707,13.5024648,0,1,5,23.48766604
19.10955504,26480.94321,21.78794821,0,2,2,25.29928471
8.047954922,49018.13571,8.707030068,0,1,1,43.92718001
1.925934069,41453.75059,34.71977403,0,4,4,27.64670074
14.53210108,48714.04498,25.17211986,0,4,3,51.54706684
10.14674153,32813.15136,42.1063766,0,3,1,56.70159237
23.39740951,34253.01022,24.94255504,0,4,1,20.82082305
13.51656924,46938.65649,25.09538936,0,3,2,34.0809744
7.330501164,35751.48021,50.36201233,0,2,4,6.608335673
17.31709389,41218.36736,10.74414165,0,4,3,12.82767382
23.88130615,15257.49485,59.46501473,1,2,4,25.39448024
7.244316058,27565.18632,56.57904084,0,1,2,13.16596024
21.7975957,33401.79406,46.06486694,0,2,5,52.71706896
9.618605322,23703.49597,41.8136295,0,1,1,10.33888911
15.74255323,11417.09085,58.86124239,1,2,3,27.88398847
13.64697694,26179.40108,18.56382023,0,2,5,36.73625519
2.163181388,20028.30246,12.50124224,0,4,2,41.81997058
10.80078847,21177.95155,21.65207968,0,2,4,23.60109281
20.14436141,49318.5147,53.29096189,0,4,1,52.27684505
19.52992252,27270.61085,9.976205203,0,4,3,34.53082991
6.159326854,39899.32129,41.2199896,0,3,5,26.93095905
6.199818633,45172.99096,64.73993842,0,3,5,4.967197409
16.07966237,16921.00232,56.77467735,1,1,1,28.41667864
19.79802218,36519.81378,37.72240428,0,2,4,49.42341461
22.39916366,24594.335,11.62753183,0,1,2,37.25792008
3.193301189,41843.49312,55.38829032,0,2,4,50.09758477
11.35134871,38007.5423,42.14177497,0,3,4,30.14668857
8.761448416,41937.51768,14.55118083,0,3,4,7.989240601
21.02583448,43092.39869,13.34986523,0,2,1,1.804750904
2.921073038,49262.31103,59.84872871,0,2,1,18.88995326
5.855896679,37206.8984,46.14441499,0,3,2,42.18143782
18.30677176,30249.23338,55.26934756,0,3,4,47.62533433
2.179758527,39453.93671,58.10179732,0,1,1,18.44941724
12.94727284,24914.68904,40.59102407,1,3,2,30.24358133
12.32831376,22053.22128,37.49444205,0,2,2,25.84601536
11.1684618,46921.91955,32.53436239,0,1,4,25.22084428
8.691227117,23581.43034,26.0659555,0,2,3,14.64957408
10.07516325,29835.28514,32.77196977,0,4,4,9.045895197
13.1886335,44472.36142,52.11114038,0,1,3,12.60462494
4.711449243,37919.37135,42.30963557,0,2,2,4.264610843
14.1559052,31809.06561,58.87382753,0,3,1,12.68971377
19.52494357,34203.06978,33.27266082,0,4,5,1.54285296
18.48370139,45636.4218,42.60410599,0,2,2,38.00824564
4.539697808,30200.13158,43.98453053,0,1,1,19.66614904
4.432737804,46089.49054,41.72673825,0,2,2,58.41553797
7.168010458,22644.03293,48.05012507,0,4,4,12.429306
9.304718706,43303.95312,21.5337077,0,1,3,21.40388565
10.39447837,45426.42899,37.20473532,0,4,2,22.11262836
16.63303599,25454.52959,13.94081376,0,2,1,1.498638268
2.30364994,32910.39597,29.91714568,0,3,4,50.51326923
1.797472197,24964.99324,35.79702291,0,3,5,2.887673149
10.01394295,41198.12387,45.17678279,0,2,4,56.47061025
17.03476492,36060.43304,62.18027,0,2,3,53.63238671
5.449012888,39059.7004,42.23711079,0,2,4,32.59579305
15.75460307,25894.60901,50.38485322,0,1,5,33.07213892
6.976047173,26352.37586,36.85716539,0,4,1,39.57289745
21.3799805,21244.91977,44.14392979,0,4,2,23.8359507
21.60086872,29662.02606,12.04313632,0,4,3,39.18611472
7.837605698,36792.33984,22.50032011,0,2,5,3.641334933
6.289856341,45738.04742,28.62562631,0,4,3,4.188810014
10.45999136,40007.82342,34.93212124,0,2,4,27.97659476
6.532226459,33061.8897,10.60197849,0,1,3,33.42771577
16.4648284,48593.60343,15.98137356,0,3,5,53.38124078
19.99948774,41577.35602,23.77841554,0,2,2,7.174977401
16.48111901,47904.95609,63.37736338,0,2,2,49.5362277
17.31357764,13705.24559,26.8867794,1,3,3,13.3927929
19.96006029,35827.6392,35.47634031,0,3,1,24.25093526
15.13258231,23413.82802,19.17756963,1,1,3,19.67954365
10.13081973,27767.12824,42.81446405,0,4,4,24.6091611
4.595290326,21584.80059,23.99894328,0,2,2,9.879234386
17.97287179,41782.54554,19.79857697,0,4,2,30.71063439
9.290913618,23639.08994,37.44463982,0,2,2,48.2969128
16.43922898,29083.25385,8.313830552,0,1,1,27.05050661
7.224810666,35974.12724,8.436849861,0,3,1,29.94620098
2.868281601,36932.49763,20.48692212,0,1,5,51.07728753
23.8293813,38017.49591,10.09311766,0,3,3,42.65742876
4.592634682,24987.65991,14.15746799,0,4,3,29.9368101
23.73368286,31392.12214,27.31505701,0,4,4,16.20404324
23.47743845,38515.82681,53.74738374,0,1,2,53.21067806
19.25781639,49094.56594,40.60677267,0,3,1,35.0442037
16.16672813,41828.93413,37.22206038,0,1,4,14.047709
14.28956216,47678.11271,24.72886292,0,3,4,16.87806541
20.92033554,42866.36175,61.10996201,0,3,1,48.38485225
7.657108997,37751.50907,30.62985735,0,4,3,3.604588163
11.75666789,25760.70107,12.96428771,0,4,2,59.53343903
15.2459693,40000.56956,43.17279142,0,3,3,8.690749103
10.45738094,38701.38698,14.48878843,0,3,4,47.968043
10.83218844,38074.07511,27.67771914,0,3,2,24.29174369
8.596547353,34693.57604,36.92248051,0,4,5,30.04075481
13.97733178,35859.69812,57.83068391,0,4,4,52.95838407
20.56321414,30033.27581,36.13215508,0,2,3,25.36176019
5.635152694,35579.38078,48.02874966,0,3,3,32.71213147
22.49195989,25926.67717,64.59055982,0,2,3,3.908680082
16.84901604,44155.23192,15.49487983,0,3,1,1.138500958
19.93528389,25573.30864,23.65969695,0,4,4,15.44319251
13.79238593,22548.9887,30.49083631,0,2,2,41.15440248
18.92888413,33087.38079,32.04420618,0,2,3,8.154628708
1.372609139,39749.22319,31.42820129,0,1,3,7.711955569
19.82274977,33131.50475,59.73382715,0,3,1,25.24667587
1.923193759,28302.62396,48.69986073,0,4,2,39.22238528
21.46800766,36745.13552,42.6505972,0,1,4,43.01224754
23.81514319,30410.07006,25.63424492,0,1,5,11.52858977
7.76355163,47986.0307,54.9560519,0,3,1,5.695700695
5.837326795,47679.35419,62.43844915,0,1,4,56.483425
18.60335737,35071.1546,54.80830211,0,3,5,16.37931657
16.12064043,11900.3368,8.089210996,1,1,3,51.34744336
6.819605841,29836.51982,44.2748781,0,3,3,51.94599558
20.90793481,42113.97242,10.91471674,0,4,2,46.57883291
3.36537962,21101.3883,22.68361156,0,3,5,10.96118279
3.896969517,34243.07018,11.39290792,0,3,3,49.4862861
23.52048577,30089.70183,42.41634082,0,2,3,46.385783
16.49829466,47616.07655,47.13562507,0,4,2,36.20665642
20.47840616,20360.09082,14.52579537,0,4,4,20.89492007
8.459575679,36584.44627,29.87881633,0,4,3,16.48800765
16.55912624,42219.90743,34.00548101,0,1,1,8.191463513
14.66756203,34550.53963,29.03602224,0,2,1,31.07566695
14.87245276,22562.0909,14.89842503,0,4,4,35.53039166
16.69824657,49173.8417,31.88002404,0,1,5,22.20100044
14.23326098,35540.31294,50.81714873,0,1,2,29.04618499
10.86843449,38425.58733,12.04743688,0,1,1,22.44735298
7.346221971,27098.29348,12.5702608,0,2,1,38.81935738
18.67737061,34504.94255,28.22196363,0,1,4,54.17429326
6.20426589,32874.48476,61.67836556,0,2,5,10.67129546
16.92414904,22246.87526,46.10864086,0,3,5,23.50311978
6.366654921,23184.81061,46.68418753,0,1,4,9.311247633
15.38259391,45124.17559,28.62943948,0,4,1,37.87168245
18.18280014,27194.59857,41.8386651,0,1,2,44.00336006
6.030419445,25848.74814,8.57747749,0,3,1,55.98285122
2.37869592,35147.34354,44.25747465,0,3,5,17.45344365
4.012396089,43062.41394,60.05735601,0,1,1,57.06246115
14.93793025,21858.39556,42.9166877,0,3,2,4.732497637
20.53726734,37304.23759,57.80081983,0,2,3,36.57781794
2.034926888,23576.31329,49.26646416,0,2,1,4.370830441
17.88547896,21093.83152,14.87182974,0,1,4,53.73267708
8.850328857,21582.31856,59.43983852,0,2,3,32.25873437
12.00615251,45024.92325,11.78729913,0,2,4,40.4915527
22.36376965,23539.17451,38.43614594,0,4,4,50.06286163
8.635344609,21354.54093,16.10181606,0,1,4,9.868326727
11.70274948,33136.99661,8.667276812,0,3,1,3.276902154
1.314695539,45319.80416,32.05595283,0,1,5,52.85398761
2.87677056,27872.25129,24.81732034,0,2,3,19.58106042
6.947606596,32651.37853,35.70202815,0,4,2,8.609755568
1.640601539,21197.67598,40.90039354,0,1,5,28.63921299
15.5216325,33472.35542,10.49312712,0,1,1,36.30005847
10.80716221,37328.39242,15.01118782,0,2,4,2.827265602
13.60733966,37127.21161,39.8426166,0,2,2,17.21884384
5.016885276,29972.80077,27.56053913,0,1,3,2.935192582
7.806436677,29465.99542,49.56288879,0,2,5,25.79978796
16.26796292,23198.70857,45.18062397,0,2,5,53.81090171
23.20196264,31003.94962,56.19944869,0,2,2,58.97649228
2.159585793,22984.84007,47.47209112,0,2,1,38.58580566
21.47883938,42997.87834,32.50607141,0,2,3,10.53662393
14.26826763,48988.22893,46.35909748,0,4,2,54.44511401
13.97015004,49102.2337,23.69672693,0,2,4,31.45862157
12.50640631,45952.13298,25.45986943,0,3,3,10.07120941
2.596063976,38023.76448,52.97215412,0,1,5,55.3818735
3.06716759,41025.97092,33.44591243,0,4,2,45.69067399
14.82097613,28556.17408,53.50767941,0,4,5,44.17061109
8.842047143,38923.11261,54.8780753,0,2,5,42.84166152
22.09716553,33669.48648,56.88105325,0,1,5,12.82004944
10.35158236,34460.52019,60.24820844,0,3,1,13.44939481
4.29547355,42733.29681,32.56615757,0,2,5,41.60928691
17.43853317,28457.55067,26.17540864,0,1,4,13.96364226
7.747128693,29541.18835,41.18532856,0,2,4,26.88163011
13.08581707,47739.25373,29.15682814,0,2,3,47.13810771
17.05015407,21686.72885,42.26122751,0,2,5,47.25319857
21.70607456,34569.02895,48.21839417,0,2,5,27.74244458
19.22039748,47384.02401,47.23908605,0,2,2,47.73920636
22.01486148,6094.654138,29.34951456,1,2,1,50.47868598
16.55630456,38310.89023,17.5110315,0,2,3,39.63176933
16.6315632,36392.21223,32.54017229,0,3,5,14.47712529
22.75626681,27492.32538,16.12786621,0,4,2,17.16669504
7.803954242,30298.26467,58.73553101,0,3,1,19.57562817
1.025578167,45561.45247,27.71501526,0,2,3,7.891442356
7.254954866,36776.54395,16.80420559,0,2,3,17.1164176
6.011501731,35442.26581,9.450522315,0,3,5,13.36163423
16.22219546,22987.39141,44.81187602,0,3,3,27.86439624
15.57536679,20480.84469,44.30343209,0,4,2,54.59781532
14.6496118,48910.55566,27.4144375,0,3,3,7.164338688
1.373599194,31309.58502,12.08757766,0,4,4,43.49580751
17.76189525,38096.39186,31.34884701,0,2,2,41.54969726
8.441199487,22391.4522,25.73939722,0,1,1,6.649497721
16.29628775,40493.42857,46.59587646,0,1,1,55.43177189
13.80130386,47977.00126,42.52941722,0,1,5,34.53985993
8.882811285,37269.95759,28.78184251,0,1,5,22.45980575
4.095254143,23783.45967,20.41987559,0,2,4,45.63577643
3.171634646,37451.64582,64.31805007,0,1,1,16.18456205
20.12492166,42990.41639,33.87809241,0,3,1,41.91708039
22.12314347,32192.4961,47.23163144,0,3,1,3.342961247
15.94512508,46395.13244,16.01151915,0,1,1,50.52507422
3.378984642,39460.4886,35.67861288,0,3,3,27.44207997
10.24662599,46977.46755,9.569593033,0,4,2,38.56488195
23.22581416,9084.842127,36.81094172,1,2,2,14.05303137
17.7656016,38705.15934,62.94899221,0,1,4,40.94734905
18.93588033,23938.63916,29.89978264,0,1,3,46.56217628
3.719028313,29290.75133,10.22277272,0,2,1,28.91957803
1.000706533,26053.84845,9.764480082,0,3,1,37.44588852
17.37915206,47264.79493,30.11524532,0,2,5,27.92322951
9.201712048,42812.00202,17.12142138,0,2,5,53.75139079
6.853070627,40291.95107,9.331069491,0,3,4,30.37428165
1.296641805,29028.98959,51.104176,0,2,1,50.66671383
13.42688636,25521.34316,34.13581151,0,3,4,48.27977144
20.57646691,42693.53264,24.486952,0,3,3,25.21978446
23.02552786,34224.73838,59.30474143,0,2,2,14.57498502
14.22879686,13373.90287,14.61992073,1,4,1,24.95884582
14.01213386,26773.68656,62.48737325,0,3,3,49.74682517
12.83261054,38498.65934,25.89610289,0,2,1,14.43031961
2.956296866,21210.01556,58.63900932,0,3,5,31.94174441
13.62407444,29785.10762,42.36774396,0,4,4,48.55970813
9.739518816,34056.70984,55.12231951,0,4,5,21.85517103
14.96411146,24438.75002,64.0887503,0,1,2,38.89036858
9.940706001,49539.63433,24.43910996,0,3,5,15.49226287
6.526879839,26272.92094,62.78472267,0,3,1,7.447487277
3.18420133,23910.5939,30.20046801,0,2,5,47.86866928
8.243124226,26106.04622,29.97417857,0,3,1,6.839148781
3.222831189,43071.83399,27.40206494,0,1,2,17.01150231
5.068629869,32765.16978,38.86023362,0,4,5,51.4514559
23.70873165,36962.47819,16.78626746,0,4,4,21.44168794
11.21438181,20630.27471,39.56155467,0,1,4,58.40967562
13.23305063,21032.93926,38.87717431,0,3,4,58.80432575
21.09322616,33374.76649,51.42840332,0,3,5,16.82828521
23.89808471,44499.6573,55.51804783,0,1,5,3.417715113
14.40243233,46557.16636,33.10515697,0,2,5,42.59873377
19.68689788,22601.19703,25.23299521,0,4,1,27.60820366
8.51964356,36150.89306,22.78208915,0,1,2,6.944417794
8.032111021,47396.89059,19.09355869,0,1,4,42.74384632
10.26218558,31639.18263,11.28591219,0,3,1,2.839319638
16.46766704,44886.97494,27.51953479,0,4,4,52.34160474
16.69040885,24010.86963,23.40411845,0,3,1,9.180499218
8.250506997,48061.83469,63.08579099,0,1,5,8.511400846
4.063828255,42542.69953,39.7894031,0,2,4,11.36466558
15.5451139,48240.03178,27.79479122,0,4,5,57.65571515
3.95149483,40298.51701,41.08665326,0,1,4,41.89699225
14.30532769,30902.11796,15.93421198,0,1,3,48.28092059
16.94870895,48145.43518,33.3104937,0,2,1,24.46046416
17.11406442,28267.00329,43.69535632,0,1,3,20.84245092
18.32985855,29965.17566,35.86717641,0,1,1,14.8345564
21.0757667,41024.25254,30.90139164,0,4,2,29.35823367
12.49905682,42959.48899,64.64935817,0,4,4,33.55789528
17.79573136,47882.10452,58.17794144,0,4,2,38.27471578
15.24097291,26144.07227,43.53413962,0,3,2,16.16999174
5.292718615,43939.94106,40.45450959,0,2,1,56.97059077
1.590861832,42156.3816,43.37764735,0,4,3,11.01575139
7.544451871,21913.83669,19.47479015,0,3,5,57.97353731
11.18977525,31616.69424,30.52285137,0,3,1,1.876511228
15.19343672,28482.96371,10.24919337,0,2,5,29.38641582
16.47010718,9392.698572,35.10612414,1,2,2,20.66870245
20.5490646,29134.71273,38.95240129,0,1,5,27.49828142
5.513651484,49488.40639,20.98173496,0,3,3,34.66921016
3.887645168,39283.3224,62.94964429,0,4,1,26.69976032
23.16003879,41530.28473,59.83891282,0,2,3,25.47596417
3.485024866,49298.52912,49.16216442,0,3,3,44.23068151
12.00529461,31316.05347,38.40303784,0,4,1,41.46670023
14.46796576,44055.20505,57.5882421,0,3,3,50.16300564
13.45161168,33035.9289,15.4471836,0,2,4,15.74757989
2.978739612,46086.01015,53.05905827,0,1,4,36.96218208
2.311619022,25419.72624,15.1147864,0,3,4,35.52649234
3.426118832,48430.58531,53.27000777,0,4,5,22.81453084
14.46851673,26563.15125,23.71875139,0,2,3,29.67739497
13.51993242,29786.61521,57.99416312,0,1,1,19.51314646
6.376038217,42685.76702,61.81039935,0,4,1,9.368819459
15.66880526,31812.65425,16.48137026,0,4,5,13.61427143
19.86155255,38246.3413,34.37250949,0,4,1,7.225305138
1.956316076,33337.20503,63.91628056,0,3,4,41.30110494
23.14356675,5004.540764,35.55422385,1,2,3,39.98291619
12.74170153,23300.03075,57.22220878,1,4,1,57.08577592
12.4569887,42271.09811,41.55769676,0,3,1,44.05102641
16.85413948,26849.93757,29.39380475,0,2,2,4.070704487
6.803174323,21753.73962,24.28966266,0,2,2,53.17046526
8.078730822,28997.88192,19.58371619,0,3,2,51.89783461
15.11367177,34229.25995,51.42249691,0,3,3,27.15589893
21.65251175,25040.60157,30.03280889,0,4,4,35.56591998
19.62826167,30643.91869,37.14270135,0,2,4,58.58862162
14.41199504,31999.49055,36.06255236,0,1,4,32.40595747
17.79509951,21721.75531,40.90490467,0,3,3,54.41398787
9.390916815,37499.21745,57.3378973,0,2,3,5.899286711
15.74220715,46530.30284,63.90214258,0,2,2,12.27206025
11.7221766,24552.28739,31.23229989,0,4,1,27.00454166
5.368531139,37934.2404,55.16857856,0,1,5,35.50065169
17.1399803,39942.17615,51.5780843,0,4,5,49.15744326
13.79868666,32580.04041,40.69115023,0,1,1,59.30746479
9.248296385,41032.92762,62.49468719,0,1,2,23.94223829
21.96080137,32321.9463,19.42704739,0,3,1,3.797522532
1.48148471,35139.11864,14.22805999,0,2,1,48.26911869
8.262782479,20220.59134,56.67583212,0,2,5,36.65846243
2.308272149,40751.60342,33.03153955,0,2,2,12.71402867
18.63012827,39840.28037,56.27722469,0,1,3,30.19487894
17.14847144,21152.02632,58.9061417,0,2,5,44.79630449
8.621101031,31047.50322,11.56008284,0,3,3,46.45429544
16.54024675,49370.95522,58.35749149,0,1,2,30.47748631
10.1065562,32622.09688,33.55418616,0,1,1,19.00765728
18.3938372,35058.36215,37.09465187,0,1,4,58.45081234
11.44622424,47297.90474,43.71577313,0,1,4,40.13839405
13.10832634,21877.58822,60.80380858,1,3,2,25.08601364
10.48243374,41517.85628,9.089617382,0,2,4,17.54733023
22.49878806,37462.10393,35.18007769,0,3,3,44.135076
6.770219297,43934.14044,47.20015642,0,2,4,15.28882329
3.77028882,45930.98799,49.19429659,0,3,2,11.13088935
14.4444916,33706.64215,47.4743486,0,4,2,32.26019945
23.29440168,34253.25095,15.66280238,0,4,3,18.10925617
9.690301916,31581.52807,25.06554854,0,4,4,38.10540355
2.426845563,49001.1842,28.44678495,0,4,4,7.958381818
8.804021148,40914.98763,53.85292084,0,1,1,39.64152517
12.63642805,22496.69199,23.88931273,0,1,5,17.71449515
4.724229153,45888.7887,20.01018294,0,3,2,1.014333132
16.13635102,34416.79823,62.57453709,0,3,1,8.489227403
23.94823595,22062.61719,8.505207251,0,4,2,56.08330729
13.95349187,19845.84463,64.87578877,1,2,1,52.17392371
11.39000795,36491.51765,46.57881403,0,4,5,14.78293289
9.158756805,32514.92837,55.22275007,0,3,1,46.92394237
10.21619584,46332.48215,24.79330559,0,4,2,36.905724
3.648362103,26119.83811,8.815970827,0,3,4,58.28337798
21.31529283,44793.93828,50.05856256,0,4,2,23.04273391
10.54099008,36730.66074,55.54624203,0,2,3,41.20617614
9.907311463,21638.3091,50.20713952,0,4,3,4.748607623
16.17287628,49155.35904,16.14246638,0,2,3,24.37859346
11.16676868,35378.45732,50.94539157,0,2,3,57.86524201
15.90936978,28726.30563,51.82859858,0,3,5,32.79987159
2.413264673,34082.20526,45.53680939,0,2,4,17.9848907
19.71563691,45735.73351,51.66860817,0,1,4,8.095986825
22.63159092,29147.09373,56.21752206,0,1,2,42.50817207
15.92160388,25780.29189,42.97543451,0,1,1,39.04650656
19.14255401,8356.291913,13.0504687,1,3,2,23.0623841
22.95501636,23872.13741,35.79478515,0,1,2,57.10553976
4.482943231,28935.78195,12.42601208,0,3,2,2.309965966
11.98057236,43401.44261,31.22995277,0,3,2,18.91970725
14.84155488,34148.79096,31.20506988,0,1,4,55.34309969
14.37994289,26824.44811,11.76256112,0,2,1,19.93519086
10.23362092,24985.54999,27.88277044,0,4,2,15.8829172
8.775941415,29981.8843,14.32689163,0,3,4,32.51900419
3.916952519,48197.73119,54.06940697,0,1,2,49.60430325
13.80566725,7407.271524,62.01821748,1,3,3,7.085658892
10.01007636,30290.80138,12.12203909,0,2,2,56.63822187
4.741198747,49643.72228,62.44156682,0,2,2,47.90929999
17.89041056,34556.91367,37.78686616,0,1,5,11.69376508
5.803111516,25374.91755,25.07524364,0,3,3,43.00846971
2.347002022,46734.20275,12.38113829,0,4,1,23.71256464
13.70442117,33810.66119,36.53558328,0,4,2,24.73538601
14.69028385,41290.14031,53.28738604,0,3,1,47.21411545
21.05400041,49511.3475,48.3039292,0,3,3,57.80430367
14.27057709,21505.26051,10.86288265,0,3,2,8.472696498
8.946059636,22900.83679,12.15540462,0,1,5,25.81718398
19.46927328,41613.70224,30.96377711,0,2,4,29.37555488
13.42641454,28454.7501,24.83155816,0,4,5,23.2023972
2.823446547,25529.04191,21.24590641,0,1,5,22.4281583
14.01456289,21180.85639,24.01725644,0,3,4,4.083851386
21.88442654,20655.40136,53.79851637,0,3,4,41.44677861
10.11519039,43234.56809,60.96599906,0,2,4,26.73665061
7.815493444,24033.00282,31.09085359,0,3,2,12.49283436
4.299797511,34031.61848,59.64832712,0,1,1,49.14597664
4.483247005,38176.90446,26.32525497,0,1,1,48.35108414
10.95374414,32850.55402,35.15690822,0,2,4,29.69710606
14.70063596,20813.19957,20.88365288,0,1,5,18.60858901
2.854154319,43505.04508,44.5071344,0,4,3,38.64747082
22.61007755,20315.39674,63.80192356,0,1,4,18.00097601
18.3680732,42856.69683,42.39910647,0,1,5,14.92446789
14.49235012,46799.13481,28.39540279,0,1,5,44.10036459
20.05408943,32985.19763,44.92559442,0,4,2,3.379189144
2.844295407,36066.27419,15.00647867,0,3,2,6.591339791
11.96729419,34309.50178,58.65356758,0,1,1,1.400502267
15.49214192,31676.25856,36.67578519,0,2,1,10.023648
20.05901684,46622.73606,33.6129353,0,4,3,5.070410514
19.01979988,46818.00532,41.39429294,0,2,3,59.7523397
7.372592743,30074.49094,43.61268018,0,1,3,18.03978823
22.6402439,38452.09262,12.09122095,0,2,3,9.806812747
3.859954353,47807.22686,46.90918161,0,1,5,15.21877922
21.12807323,48861.75497,21.79010578,0,4,5,56.23140872
23.33162574,35268.77121,48.69530005,0,2,1,31.68945316
5.074531034,33584.74416,54.88448328,0,2,2,22.52426768
17.60751948,28360.82948,53.82563493,0,1,2,52.53009602
1.926566932,48766.1562,39.49255514,0,1,4,24.30442596
10.32472498,24284.42913,37.64968386,0,3,5,20.76550563
12.87451588,37394.88728,16.1439298,0,1,3,13.22966883
14.3548402,28476.50803,52.19473057,0,1,3,23.29001261
22.52655671,28370.24871,23.47033469,0,3,4,19.684377
16.46176581,32149.05762,36.3116391,0,1,2,40.9609336
12.06939288,49963.78807,24.2036233,0,1,3,18.08537958
19.62252583,21648.98921,15.62821669,0,3,2,35.05478504
22.86225488,37356.25455,43.88478872,0,4,4,4.887637737
1.50752142,22477.16474,11.09692598,0,4,2,12.28606025
23.59798926,24635.6249,50.67277835,0,1,2,25.03691103
2.981039198,33186.88825,26.10244733,0,1,2,56.28000598
19.73089592,35313.80394,8.007677501,0,3,3,23.25786716
7.447699309,27763.77225,37.13436094,0,3,1,40.18037315
4.040132128,29493.71393,10.67055879,0,4,5,16.05014612
11.11667971,22609.01061,23.7416648,0,2,2,8.494980982
15.81100133,29096.59352,48.29765978,0,1,2,4.453659405
9.761892436,48996.75318,11.57330843,0,2,2,19.01939641
2.255004391,48341.22145,55.84229406,0,2,1,10.30200058
14.78760621,30046.3487,8.217735592,0,3,4,11.26661643
21.75527535,37125.61809,22.06896054,0,1,3,45.88479919
9.813953417,47287.86173,50.2315312,0,1,1,1.934446186
5.975653886,20185.51468,26.02739853,0,3,2,33.91079742
11.17927896,44320.50711,13.80786612,0,2,1,23.38822146
2.112342354,48451.08658,28.53333337,0,3,1,30.88644999
19.87121444,22739.77203,23.41241732,0,4,1,34.206984
20.00583865,24843.43058,56.03457842,0,1,4,19.48869397
14.52401066,48822.38908,25.8608313,0,4,5,18.41142275
9.121366446,36126.20431,52.96915089,0,3,3,44.27070911
19.39501738,20425.89903,58.83671225,0,1,4,52.4053423
13.75780157,27728.95996,32.72759292,0,4,4,12.36231632
19.9964431,33498.31023,59.8667592,0,4,5,6.759506872
15.52355223,40787.26733,29.50712908,0,2,4,53.96995258
19.04132588,41994.81134,62.95246974,0,1,1,21.64383236
14.76694884,49862.64539,13.0895029,0,4,1,33.52772605
10.52524457,28625.33598,47.16009819,0,4,2,22.21304553
23.03275478,36146.60306,36.14740031,0,2,4,8.422337844
13.44561797,35999.70644,30.09598191,0,4,2,35.77056705
14.91705893,32169.35778,44.06457709,0,4,3,31.98331025
6.071215707,25074.85682,48.11985422,0,4,1,12.97661999
15.38996816,49323.6969,8.24870637,0,2,3,27.66027363
23.61691658,6352.094989,17.51632606,1,4,5,48.01990274
14.14697594,45599.5156,48.64362489,0,4,1,35.83514008
5.251283153,34949.99085,45.98396857,0,1,3,6.718122297
2.370503239,38097.36268,63.06470779,0,1,5,33.33326834
14.90026435,26817.83161,51.37915404,0,2,3,42.46155966
18.5649222,36313.61211,62.19404434,0,3,5,47.76950094
13.03823153,40849.10399,48.04480859,0,1,5,38.11793714
6.215770382,35455.01085,24.98897589,0,2,1,10.00683171
16.33000546,49708.55512,14.00580057,0,4,2,42.90022273
2.842431712,38340.24969,52.56396021,0,4,5,40.96316892
11.16217521,31129.21138,44.71650562,0,2,5,2.441186093
4.757435443,43164.56083,10.74660271,0,4,1,25.29311239
17.36057433,19480.58378,28.52287656,1,4,2,20.64406457
5.242558174,25113.87535,62.53758948,0,3,4,40.49531179
5.652760831,31535.47441,36.52286531,0,4,4,13.75201293
9.894262312,30408.76851,32.66556075,0,1,2,35.86144346
2.176454729,32954.21285,34.08887749,0,4,3,54.87915175
10.14924914,43453.39478,19.90631527,0,2,1,48.07033996
12.76927128,34525.19096,29.01630874,0,3,2,55.36600644
12.11576855,43820.43351,29.07935559,0,4,4,58.73185205
9.804034309,37294.66709,10.98423615,0,2,5,1.629537493
18.01821552,23576.15921,51.75135483,1,1,4,37.74173531
20.30037199,30262.08304,31.74075262,0,4,5,25.35752447
4.342513926,44299.36231,54.86425355,0,3,1,51.73141493
12.63102511,27148.69012,56.46983606,0,4,5,15.85706742
2.42695259,26731.48939,20.08366112,0,2,2,58.88073986
2.636580614,35135.08772,45.46914848,0,3,5,37.2087702
14.19891454,27825.47738,34.92006284,0,4,3,47.81870673
14.01842377,20272.61105,58.16893406,0,1,2,6.050373617
21.1947708,39448.92582,20.29721871,0,3,1,11.8240152
13.83109454,35332.81464,46.63535242,0,1,2,45.74581671
23.07519347,33365.53443,42.64187097,0,2,3,2.2972048
2.119981513,49009.05544,24.83218422,0,4,1,49.19580117
3.25417675,37135.97552,15.78625151,0,1,4,1.822992103
2.013514816,45902.94733,45.14346635,0,2,3,39.7700115
5.261367558,24183.50709,50.10005511,0,4,1,22.54054129
13.44921255,37076.19389,25.99075859,0,2,5,37.07819631
15.84816017,46039.3888,44.75545843,0,1,2,42.06585301
2.048458633,37493.17272,30.52246173,0,2,1,21.20603793
22.75733047,41540.42534,48.65279235,0,3,2,7.369784439
20.36980366,31161.30703,19.35527067,0,4,5,5.109106197
7.82208709,22773.48551,58.74225515,0,2,1,35.74722533
2.775313195,33737.00885,24.382347,0,1,4,31.71866587
4.907402684,31834.38173,28.9638013,0,4,3,44.78985954
14.95990339,13610.71642,11.31124127,1,3,1,31.07439509
3.919721516,46011.80547,14.3561961,0,4,5,25.92430161
3.835526924,27319.85907,37.40412845,0,3,1,24.48714352
12.92691884,49002.02683,23.25278257,0,4,2,2.560367253
6.654491177,48744.14359,55.62237287,0,2,1,20.7978749
9.23721348,27428.94929,8.837523153,0,2,4,58.58518929
23.75862267,30441.55866,29.60836077,0,1,1,52.539779
16.73922773,46866.67223,27.22869617,0,3,3,20.43330596
22.82655534,48998.66663,9.101674962,0,1,1,35.6799289
4.278800766,33303.17309,15.08899874,0,2,2,50.99050799
9.789207921,29629.91137,31.57763247,0,3,1,27.03518587
13.75883148,35782.8204,36.09328131,0,1,4,2.059513961
2.765435423,40633.07619,31.04451559,0,1,5,5.396117247
1.096311203,28204.23546,38.26344767,0,1,1,31.11317056
16.41998968,42094.19524,41.92250547,0,1,1,58.19692316
15.76184889,21549.72071,8.565657804,0,1,3,41.89936299
10.44814263,21478.83478,34.45342409,0,3,4,5.184055295
12.26181375,31588.63115,62.91945673,0,1,5,12.17229167
10.55518901,30604.19576,37.58483997,0,3,2,46.50806545
1.552116031,29468.99646,46.61990925,0,1,1,50.64494584
8.713546943,34730.59288,25.7762399,0,2,5,37.44398059
5.072891874,29622.00747,52.11750855,0,2,2,39.02096701
3.263756349,25767.73755,52.05652447,0,1,4,2.671909573
23.00456998,29284.08647,37.71387472,0,4,4,49.88328532
14.78527368,49247.12818,63.63278793,0,2,5,47.50823728
17.75909454,32333.40251,15.15636224,0,3,2,16.2830735
8.253366095,33341.38331,8.966016899,0,1,4,42.81192648
10.04238398,37296.3497,51.89901807,0,3,5,13.67642178
6.44925186,49500.22305,54.00786563,0,4,4,3.379479502
3.230210432,27248.03829,14.85181206,0,1,4,12.86705601
5.117727661,40438.46332,23.13822148,0,2,4,11.53910373
19.34282304,41479.54081,9.000484712,0,3,3,20.92713181
16.58355352,38219.7325,24.71859081,0,2,2,25.68852033
17.65152303,7382.81344,52.06908681,1,2,5,31.0037946
13.57936415,22657.35019,37.52375008,0,1,5,29.12847865
11.92706708,40306.16827,27.84144881,0,3,2,16.96980175
19.94296359,15247.85641,29.18913981,1,4,2,2.721069446
22.21598852,21922.84133,8.077156666,0,2,2,36.70099571
2.672903799,37884.27949,25.08863007,0,1,2,24.34894496
7.453818704,42187.43532,44.84814827,0,1,1,18.62165729
21.01412564,11976.63815,63.5290833,1,4,5,52.14952153
9.048570632,26329.09672,56.28246714,0,1,1,45.05785516
18.99579368,45248.66023,9.344912985,0,2,4,51.60816735
23.82783626,20910.61417,59.21795447,0,1,4,30.20398489
6.535421839,45314.38591,52.64230956,0,3,5,8.724943875
21.10906869,33809.87152,52.48143904,0,3,4,42.07706473
20.10432349,26527.6382,34.10575826,0,2,2,13.15835302
6.167120146,24013.34435,30.6863017,0,3,1,27.03255048
10.18464934,48599.21503,25.26619654,0,4,2,4.835046548
10.42247599,22179.96763,11.74460696,0,1,4,49.69319574
23.49907538,25972.8026,21.00941572,0,2,1,8.430497822
5.160513732,30434.67042,22.05640719,0,4,2,54.28275292
19.38063334,38607.04547,35.59239297,0,1,5,51.98960553
8.686432426,36344.03256,50.60433118,0,4,2,28.4103831
17.81001795,23769.30477,35.00716022,0,2,4,44.91772405
10.6602531,28691.83951,11.29713362,0,2,1,37.54725936
14.30227455,27162.55313,62.59401866,0,4,5,48.3814629
20.15007079,26406.28563,61.73528619,0,1,1,26.47650095
19.49580799,32334.33009,52.75580396,0,3,5,47.36270057
20.92773322,41120.94358,64.50569039,0,3,1,28.28495221
2.371198483,26523.58797,39.03549297,0,4,4,56.51698148
16.91716272,31000.36639,62.87779596,0,2,5,29.69595395
4.219709665,31727.52281,12.30948732,0,1,3,28.29453704
10.56382706,49293.69588,28.84380265,0,1,1,47.31923983
13.61753355,48639.99071,20.84673228,0,2,1,49.47308381
10.26300815,44004.12748,19.1624858,0,3,2,33.71485774
12.95106854,27249.76762,16.02576809,0,1,5,11.608071
23.9201051,22041.11942,43.47757757,0,4,3,28.59773563
4.109998215,29507.12413,52.53534578,0,3,4,58.11627767
16.53548904,28003.83648,40.96300877,0,4,2,45.42618539
10.10802223,35177.774,16.37687445,0,3,3,48.85859363
4.059225375,43331.8373,54.23405489,0,2,5,2.93670443
4.650945558,45749.68817,44.24941831,0,4,3,28.6037083
22.83328144,45345.92256,30.12544525,0,4,1,39.15064689
21.23083442,30790.26684,46.42542685,0,2,1,49.97192833
21.86196509,40617.0303,22.81458382,0,4,2,3.907145561
23.80525384,29385.02593,27.67595588,0,3,5,51.29389425
5.79125397,21827.1663,60.29669306,0,1,5,33.35565527
9.175104759,41046.95797,24.55875682,0,1,3,12.64152426
16.39203769,20294.82658,34.78933129,0,2,2,19.71805777
12.12745842,32275.47762,58.73804483,0,3,5,17.63384355
10.62295927,29881.37808,48.34011697,0,4,1,32.32068302
9.229658735,40801.32616,11.54558389,0,4,3,4.049455115
14.65695453,42987.36418,16.39627352,0,1,4,10.35363335
14.23864886,29122.83908,8.446970674,0,4,1,48.94888956
4.713530183,44348.81043,43.96254204,0,1,2,8.823635454
11.85001626,28817.50282,33.51738525,0,2,5,14.7703799
13.72985085,33389.7908,15.6536665,0,4,1,27.74886573
14.11659959,41810.55581,62.6022449,0,3,4,31.5101324
5.832465437,40787.60688,38.19060426,0,4,4,46.0530183
18.07224202,49621.05417,21.78791776,0,1,2,27.39261317
1.579579181,26754.83073,36.53440356,0,2,1,47.60201264
9.161132677,39869.53741,46.73835897,0,1,3,37.48243212
18.94489092,38290.45725,12.34563542,0,4,1,7.672884626
13.96953718,47452.95363,23.65811746,0,1,4,10.22355487
7.006735948,24690.86425,53.99703298,0,1,2,26.7849898
16.98392174,42553.94491,34.20089761,0,2,2,24.41647419
14.04999172,37048.05849,39.1548971,0,3,3,44.86911191
19.31360302,28239.97609,32.67051213,0,4,2,35.26349125
17.90557928,34233.04742,10.50229673,0,2,2,23.89985178
15.03248221,30013.29791,17.44773745,0,3,2,11.07485672
12.22808653,37379.40208,33.39587341,0,1,2,14.38338904
4.06318889,46670.01832,19.92357153,0,3,2,34.95456009
7.010659411,37079.14953,10.84880463,0,1,4,25.98288949
10.63928788,38951.67255,56.08803085,0,1,1,31.38072302
14.7838836,35562.43541,63.92797416,0,2,5,11.06996868
12.81528067,21534.96519,53.20914382,0,1,2,40.11146889
7.628244097,26985.75671,56.66574054,0,2,5,51.29978571
1.148680229,34760.05188,21.79269643,0,3,5,16.2184309
12.4135021,29307.05851,62.7557376,0,3,4,29.99933932
7.569397737,25452.90793,19.22476515,0,1,2,58.55611241
17.89599092,35123.98526,62.23149919,0,2,5,20.66126269
1.550764101,29684.2938,64.70469976,0,1,2,36.10773435
14.45103966,27743.2293,48.56819993,0,2,3,6.321546312
21.04641699,12496.49849,63.92519271,1,2,3,36.75488515
22.65390746,33919.56252,40.46376744,0,2,3,6.288274625
5.011413144,23998.52774,22.79388164,0,3,5,57.59489068
11.84793829,47832.37199,32.90876548,0,2,3,43.22409647
3.102705812,46031.06294,41.83297332,0,3,4,47.5014275
15.39068398,41228.61757,12.16564904,0,2,4,42.54215729
13.66222865,23186.41483,43.47356608,0,3,5,35.79401313
18.93469335,17426.61248,63.9271367,1,4,2,27.54485408
10.36940706,43276.31763,18.83613604,0,3,1,51.64402941
12.99167149,44238.71984,53.17792163,0,3,2,57.45330439
21.62121714,43032.93853,59.75023125,0,1,2,30.4431342
5.514768953,23418.97661,61.79099079,0,2,2,55.9605679
22.8523173,19374.36227,62.72772945,1,4,2,35.41664169
1.518983769,39317.23871,37.72319941,0,1,1,32.76466703
21.80889417,7212.071977,63.70655076,1,2,3,27.81448124
20.81829235,45029.74387,51.16668181,0,4,2,13.34797793
14.27369289,37320.60204,17.21527187,0,4,4,1.219459988
21.48514448,39392.22126,35.18330607,0,4,5,15.24886738
14.72974014,33750.90438,48.944877,0,2,5,31.07366712
19.63370507,35861.2196,22.098398,0,4,4,23.41763718
10.88248736,21031.30575,44.51506546,0,4,2,27.46062845
18.24677842,39168.89066,45.99622731,0,1,1,58.85824495
21.99995374,22443.41639,17.2738854,0,3,3,21.66606987
14.15882817,33050.43783,40.20986281,0,2,5,27.67879342
5.158058463,28779.65293,51.98273393,0,3,3,8.87741753
7.182345146,36362.83851,36.43705288,0,1,1,3.829506214
5.568825269,24002.49007,8.689877656,0,3,5,46.74916136
6.677711635,40749.30206,8.515192738,0,4,3,34.67030733
8.047555335,43850.34611,28.35067261,0,4,1,45.88158356
13.7680771,24900.63349,60.7930619,0,2,3,9.841905134
14.52380748,23129.39262,21.03457644,0,2,2,34.7378975
10.80949419,24365.46448,44.15873027,0,2,1,15.96490599
15.15467794,46313.82686,20.65832463,0,1,3,14.4556472
2.876223289,35845.67785,26.33518941,0,2,2,1.680034829
3.019129452,34017.82988,56.33839911,0,1,2,8.690102691
4.952077588,23201.35457,49.54510221,0,4,1,19.24681858
12.91578245,39486.6802,13.43775881,0,3,4,7.895846875
5.92187761,46039.98776,32.4360152,0,4,5,59.16564798
7.51554128,44845.57608,9.662676528,0,4,1,19.20932626
21.08457738,5711.804616,35.41073836,1,4,2,8.689112855
10.20719523,38781.64127,45.75873867,0,2,2,12.74585646
19.67292085,22258.3615,14.75464955,0,2,1,35.67449047
1.318829126,23371.91082,24.46644152,0,2,4,4.778567908
15.93571287,21479.26961,30.67668765,0,3,5,51.88361368
16.38416021,27724.37649,60.41326841,0,2,3,57.72848107
19.36908295,24069.84401,64.61553588,0,1,1,15.55809782
22.4533176,27801.44121,10.55994404,0,4,5,27.55562085
1.463170526,31551.74167,51.37745164,0,3,5,2.305932611
12.66726626,24886.60605,29.18827178,1,3,2,38.80190326
4.537025227,48289.48352,30.37011662,0,3,3,25.42163743
21.38193976,38311.28179,50.99310348,0,3,1,16.9334495
11.54592693,45049.21357,60.35030663,0,3,2,13.20338953
13.9855847,41310.54502,62.20292989,0,1,2,39.58736158
12.08253555,9654.566978,40.8959874,1,4,4,25.55680483
16.24962569,23375.09392,28.35590608,0,3,5,11.59989805
16.6185319,42077.61219,52.89029789,0,4,1,41.65743581
22.43002928,28252.96645,22.30707885,0,2,1,34.3392647
23.9298366,39173.23541,40.15221964,0,3,1,51.66165124
17.5636216,30228.85921,28.43897231,0,3,2,7.931078034
7.606087812,49930.1679,45.4279712,0,4,4,47.35432951
21.23430525,27906.54438,21.70273803,0,3,3,40.73749042
2.132081034,28373.91412,18.92079791,0,3,2,7.785645273
6.314859616,47920.16767,60.33962794,0,3,3,41.99442306
21.6398715,20739.33214,13.80280993,0,1,4,27.05129004
6.892404832,40900.66964,36.83960074,0,1,5,56.75410235
6.074974371,41759.79172,20.58860863,0,3,1,9.355069686
4.176881742,45091.35732,10.21900791,0,1,3,38.92717006
20.75957043,49233.17932,10.05307264,0,2,2,23.53682268
12.50133996,49268.05757,17.98764101,0,3,3,57.45206556
16.52254367,21958.30273,57.40591021,0,2,5,20.46851882
6.498526834,44655.17968,24.10128841,0,4,1,57.76896866
18.43492968,39389.29801,62.17617272,0,2,3,54.18766521
18.48012753,39420.26403,41.1524707,0,4,5,16.95261088
8.189754573,23850.4978,32.88700882,0,3,2,48.40896483
10.44570056,39505.61499,41.06506358,0,4,4,59.74064791
5.822876381,49474.47742,37.45180796,0,4,2,15.90711713
23.46090354,47354.55709,51.25024646,0,2,1,26.76985299
15.84885927,33173.91982,24.10227576,0,2,2,31.69066346
22.49450926,21198.4392,28.12387232,0,2,2,18.40093701
7.977867503,30868.8047,58.96337524,0,3,2,1.900625539
18.983491,44791.70935,61.94802125,0,3,2,13.98762541
18.61474881,41044.97304,58.87581897,0,2,1,17.63427618
16.90807999,33780.30967,31.90853566,0,3,5,27.17238238
23.20969643,21653.04605,52.48083367,0,3,3,11.09504623
10.05177273,32806.84183,35.1511368,0,4,4,52.52200704
4.006498443,34070.74819,36.35977157,0,4,3,42.58975683
16.44930376,47856.66599,19.66676622,0,2,3,6.026828176
17.77412541,39232.58311,41.69442729,0,3,4,39.35545462
14.22639319,29349.5875,18.60974617,0,4,1,39.56573211
5.756811542,35759.54793,26.89918785,0,1,4,57.41704924
12.60248666,21981.65923,56.73672149,0,3,1,1.17823141
8.180363941,49177.04707,19.80332113,0,1,3,15.62801454
10.83173015,30801.79706,12.05602225,0,2,1,55.73969728
15.84002724,34336.02065,11.93343278,0,3,5,55.99590101
18.13993908,30658.51923,61.62471767,0,2,4,43.51459874
6.341167891,40475.3519,36.89446496,0,2,5,46.18003594
14.54936733,6076.610498,31.33648809,1,2,3,6.397494518
10.32248329,39866.96475,54.22007912,0,2,4,31.31867425
7.190716133,41459.66932,55.64207789,0,2,3,14.66339649
5.568527119,28044.29689,26.93488889,0,3,5,11.69186457
19.01790606,29470.05443,47.53622928,0,1,3,48.80789465
21.91281197,23757.53693,51.9540005,0,3,4,8.967250064
9.515340271,39665.29916,45.31508915,0,3,4,28.65044658
18.27941526,21193.91382,16.64091926,0,3,3,56.37611614
19.96228313,8797.506582,57.92533576,1,4,4,11.96409128
21.63089166,37930.47007,38.72838951,0,4,4,58.701612
20.46085684,46090.87655,24.1009283,0,3,3,59.66299116
5.204707936,46724.96445,32.23800657,0,1,5,33.78141213
22.99471327,33471.13281,10.14155215,0,3,4,11.03842167
9.66355813,33779.11065,15.28840767,0,2,4,19.65018839
8.802535207,22309.07549,51.63616478,0,4,4,26.04507713
2.435920527,40122.95076,8.000663181,0,4,4,19.25012924
12.18199404,44637.78261,31.74425222,0,3,3,17.55749921
3.50731316,27339.65164,37.78308032,0,3,5,58.36155284
6.716415881,32639.02645,11.11416194,0,1,5,10.04852482
8.289680301,45165.1801,63.46545529,0,1,1,44.26634661
19.60300544,46313.61403,20.88914388,0,2,4,1.024207077
21.13623896,27295.39941,25.33932702,0,3,4,36.17477749
7.956725302,36517.11904,25.3247232,0,3,1,55.04063723
20.75005679,25774.79452,21.13374974,0,3,5,17.98811155
20.71631156,23056.36292,8.084007859,0,4,2,11.94603254
18.58697186,47333.61504,49.57265326,0,2,2,39.4491079
4.373987622,44615.22513,63.11019349,0,1,5,43.04348303
16.87742548,42801.04705,20.78472855,0,4,4,41.59380062
22.73555349,21462.98956,45.79368993,0,4,2,19.83969592
16.69843101,45311.86378,50.28809064,0,4,3,15.87994173
8.627187529,33141.32228,56.36024661,0,4,3,57.3992092
12.5133243,30271.8537,32.08986423,0,2,1,55.47467099
15.851676,36394.29083,25.26706162,0,3,5,27.98167998
12.7431194,22740.59728,26.54182264,0,1,5,50.9254381
3.75891766,42699.39648,48.61941599,0,1,2,27.68708518
16.93436987,5779.156927,54.55642959,1,4,4,26.03895207
8.177473027,37473.05231,18.35199616,0,4,5,10.24901391
19.4551087,25597.70291,29.14363746,0,2,2,26.15795733
20.81261506,25646.96599,59.41059121,0,4,2,32.70759938
4.157900752,25527.45955,53.98153062,0,1,5,2.327755318
22.90489531,21710.07163,64.13692896,0,1,2,27.20266731
8.562920211,37633.95348,50.9921508,0,3,1,47.10001689
16.23321599,45210.44533,30.41212646,0,3,1,41.12271733
18.29197836,20524.94642,41.66635654,0,1,5,38.47426234
19.6747634,21470.13935,45.67781249,0,1,4,54.66377028
22.75224315,37183.1083,12.47198153,0,2,1,2.06388858
8.197149605,44584.87056,39.03632667,0,2,1,33.86580759
16.82887511,12836.21789,48.43128722,1,1,5,47.45358206
20.74564845,29802.16672,17.53731433,0,4,3,32.93878758
4.028798779,30488.43196,52.49600789,0,3,2,20.1098376
17.21594085,37890.39492,41.27504849,0,1,1,9.03878334
18.06548778,28226.38667,62.27664178,0,4,3,53.36622124
16.58763455,20798.25098,10.418071,0,1,4,28.77498115
6.803238931,42056.85554,23.12358984,0,3,3,52.80879662
21.07999238,38769.49739,42.28857112,0,3,5,35.56527522
4.883744658,37422.67997,24.903915,0,2,4,40.77733488
2.233600205,42250.52387,48.72217735,0,2,4,48.45140811
17.50169478,40256.92513,51.2633011,0,2,3,39.89017713
11.93594145,26176.45965,13.84340995,0,2,5,24.4852356
20.52925446,30574.43141,37.28970446,0,3,1,31.30436965
9.818134244,23783.30425,37.00676167,0,4,3,48.37968596
4.870407536,23895.7104,29.0490039,0,4,1,23.04536749
20.23817043,40285.87239,61.17671717,0,4,3,23.89916595
13.62492153,45758.00321,55.16786023,0,1,1,6.645716847
5.351503225,48881.97752,47.74093477,0,2,3,54.96048168
17.56883197,38850.41353,48.71661824,0,2,4,6.371142582
12.75561369,25523.0397,34.3178202,0,3,2,39.24434147
14.89919859,23169.51036,60.4966877,0,3,4,25.37847425
11.60066178,44385.52915,47.59193935,0,1,1,24.93154403
20.06030663,37362.69429,49.55192051,0,1,5,41.09355836
22.61504266,21048.03569,57.11638152,1,4,4,4.958530225
20.07994246,38548.55063,23.62208059,0,3,2,36.02864119
17.3159429,43443.86266,54.00304152,0,2,1,46.54987537
22.74675418,11824.889,19.12871437,1,4,4,49.86455272
3.42423168,41098.31683,27.68449128,0,2,3,11.06129297
22.91010317,13883.66814,27.12979589,1,4,5,53.94772395
20.29363882,45033.74759,63.7759517,0,2,1,39.71261942
16.43329855,21686.41716,56.82262175,0,1,4,53.02943325
17.03155582,42425.6191,47.96668211,0,4,1,29.63156231
9.348605329,45525.58272,49.44223541,0,2,3,32.97996736
21.22342979,28584.05127,40.03814928,0,2,2,55.22325834
17.68354681,39213.41822,61.98416803,0,3,4,54.09466306
3.58958073,29424.86192,36.28674891,0,4,1,27.44149153
10.37889479,48739.13199,29.68950946,0,2,1,17.19034527
21.38674833,21002.70717,17.29301421,0,3,1,24.19705564
2.085524139,37393.78531,52.81372218,0,2,2,23.87809538
23.11258225,24995.10641,49.86330413,0,4,1,17.92514562
16.62073907,41366.60616,29.9082372,0,1,5,16.84619666
15.52164749,25276.7085,9.436024596,0,4,5,51.80271325
7.222862899,27061.49786,55.82284768,0,4,1,5.12185332
6.722211141,34831.12433,8.650825057,0,2,5,40.97905974
22.66733905,47445.0485,48.11088744,0,2,4,11.19638304
7.860266447,26351.43116,63.30465525,0,4,5,21.32584771
15.76653692,18511.73547,32.9466957,1,3,1,4.631039014
18.83662182,24327.20063,21.39348408,0,3,3,16.92844457
10.04180136,42769.30496,48.17764757,0,3,4,46.3368432
4.202843628,35018.58597,54.57630409,0,2,2,53.21590415
1.246451847,47353.55337,39.14652802,0,2,1,14.07010196
13.51791875,24398.43671,63.12101069,0,4,2,28.34932252
23.44291283,39377.83679,10.94511713,0,1,3,28.74911883
9.490132458,26986.37438,36.7733491,0,2,2,52.54094304
9.215423682,24702.81286,48.951875,0,4,1,46.00514412
8.914107211,40502.88245,57.17050686,0,4,1,31.27155588
12.97250826,37810.5386,18.21756988,0,1,3,40.57408483
11.13529232,42644.82375,53.60019846,0,3,1,50.99394818
21.23803641,29283.87729,39.50430332,0,4,3,1.562798288
12.62697821,33439.14969,30.60355987,0,4,3,24.77051183
12.67843028,32164.15029,15.50775663,0,4,1,54.52734687
4.182546679,49522.68392,57.32185826,0,3,5,44.67846882
23.60300944,28767.4687,16.96457287,0,3,3,33.02764109
6.74937649,28844.51715,25.65790797,0,1,1,32.2490271
2.687373552,30636.44626,24.53259532,0,2,5,21.51843576
16.25236373,36937.82244,57.67059995,0,3,3,31.71071148