number,value,datetime_start,datetime_complete,duration,params_colsample_bytree,params_gamma,params_learning_rate,params_max_depth,params_min_child_weight,params_n_estimators,params_reg_alpha,params_reg_lambda,params_subsample,state
0,0.2242062433784482,2026-06-04 18:52:37.389316,2026-06-04 18:52:37.764608,0 days 00:00:00.375292,0.5780093202212182,0.2904180608409973,0.1205712628744377,10,2,250,0.08499808989183001,0.0006440507553993703,0.8394633936788146,COMPLETE
1,0.2153893318046943,2026-06-04 18:52:37.764641,2026-06-04 18:52:38.004479,0 days 00:00:00.239838,0.6061695553391381,0.9170225492671691,0.27081608642499677,3,2,383,2.716051144654844e-06,0.00015777981883364995,0.9329770563201687,COMPLETE
2,0.24764307823639758,2026-06-04 18:52:38.004511,2026-06-04 18:52:38.257861,0 days 00:00:00.253350,0.6460723242676091,2.28034992108518,0.08012737503998542,5,4,273,0.019116469627784235,3.9572205641009174e-07,0.6557975442608167,COMPLETE
3,0.23028648848062583,2026-06-04 18:52:38.257887,2026-06-04 18:52:38.789818,0 days 00:00:00.531931,0.5852620618436457,4.7444276862666666,0.011711509955524094,7,1,306,0.5309532269009208,0.029321000471832896,0.8430179407605753,COMPLETE
4,0.22653790332758328,2026-06-04 18:52:38.789840,2026-06-04 18:52:39.002533,0 days 00:00:00.212693,0.5610191174223894,0.17194260557609198,0.1024932221692416,3,5,222,0.18817555977720243,1.1755466083160747e-06,0.7760609974958405,COMPLETE
5,0.25794278831355155,2026-06-04 18:52:39.002556,2026-06-04 18:52:39.289025,0 days 00:00:00.286469,0.5924272277627636,3.8756641168055728,0.05864129169696527,5,10,365,0.32808889626606247,0.1440850108072256,0.8186841117373118,COMPLETE
6,0.2684197111058383,2026-06-04 18:52:39.289049,2026-06-04 18:52:40.092338,0 days 00:00:00.803289,0.522613644455269,1.9433864484474102,0.01351182947645082,10,4,339,1.481809088646707e-06,0.0426481378443292,0.678393144967658,COMPLETE
7,0.23920130544182638,2026-06-04 18:52:40.092362,2026-06-04 18:52:40.328427,0 days 00:00:00.236065,0.9010984903770198,4.9344346830025865,0.06333268775321839,5,1,243,0.015064619068942013,3.8879928024075474e-07,0.6563696899899051,COMPLETE
8,0.27864660648219897,2026-06-04 18:52:40.328451,2026-06-04 18:52:40.484276,0 days 00:00:00.155825,0.8856351733429728,1.7923286427213632,0.11069143219393454,9,1,102,8.451863533931625e-08,0.08032068562667226,0.8916028672163949,COMPLETE
9,0.27265694569712623,2026-06-04 18:52:40.484299,2026-06-04 18:52:40.952796,0 days 00:00:00.468497,0.6625916610133735,3.1877873567760657,0.012413189635294229,5,8,349,0.12522814303053642,5.994036749692399e-05,0.7243929286862648,COMPLETE
10,0.2812965759313596,2026-06-04 18:52:40.952820,2026-06-04 18:52:41.169706,0 days 00:00:00.216886,0.9896117410993798,1.2896347630074605,0.028477486830279893,8,7,108,1.22719924263834e-08,0.5682043863802079,0.9746595013029591,COMPLETE
11,0.27030314418592666,2026-06-04 18:52:41.169732,2026-06-04 18:52:41.392964,0 days 00:00:00.223232,0.9948601822336559,1.4222843209082041,0.0262209763647716,8,7,102,1.2256670699326034e-08,0.9802515785340299,0.9878704428101506,COMPLETE
12,0.27367525394560555,2026-06-04 18:52:41.392990,2026-06-04 18:52:41.606571,0 days 00:00:00.213581,0.8552821831350225,1.3187908976612646,0.03163393826748555,8,7,101,1.8564663405603976e-08,0.00811292923035852,0.9163343192885115,COMPLETE
13,0.3091139553288988,2026-06-04 18:52:41.606609,2026-06-04 18:52:42.092463,0 days 00:00:00.485854,0.9925596049926039,2.7774595258214023,0.031235933830354813,9,9,499,3.6293206732289517e-07,0.9791428533327112,0.9997449754566207,COMPLETE
14,0.31097668754035923,2026-06-04 18:52:42.092489,2026-06-04 18:52:42.549230,0 days 00:00:00.456741,0.9997283838030088,2.8741983101842075,0.034797921667281,8,10,491,0.0001056379505781544,0.002283998383231653,0.9984067957444854,COMPLETE
15,0.2735959030935495,2026-06-04 18:52:42.549254,2026-06-04 18:52:42.961224,0 days 00:00:00.411970,0.7913674232979588,3.084959520891639,0.03856447863931394,7,10,498,0.0007483067275120228,0.0013768811334819964,0.9890905890927089,COMPLETE
16,0.30993375346932883,2026-06-04 18:52:42.961248,2026-06-04 18:52:43.646422,0 days 00:00:00.685174,0.920268595864156,2.8059355854515493,0.019850318320513604,9,9,496,6.872807524942438e-05,1.2747755202583602e-08,0.8857949729794995,COMPLETE
17,0.303536742250835,2026-06-04 18:52:43.646449,2026-06-04 18:52:44.272215,0 days 00:00:00.625766,0.9353820211534146,3.6309375362053493,0.017748080940281734,9,9,428,0.00019760351224059117,1.7987219242171247e-08,0.8773038302338393,COMPLETE
18,0.2631260756785162,2026-06-04 18:52:44.272240,2026-06-04 18:52:44.802211,0 days 00:00:00.529971,0.8020792747505997,4.093784190410645,0.020038260312712823,6,9,450,1.919552296536018e-05,7.576754599633435e-06,0.7730982444721965,COMPLETE
19,0.27906403644566546,2026-06-04 18:52:44.802235,2026-06-04 18:52:45.220428,0 days 00:00:00.418193,0.7051102112946549,2.4910251226588564,0.049811314676276246,10,8,450,0.0013871506697036144,2.2225767522138785e-08,0.9409855398362305,COMPLETE
20,0.2916146953825859,2026-06-04 18:52:45.220453,2026-06-04 18:52:45.760820,0 days 00:00:00.540367,0.939350320579694,3.359303226004231,0.021067302055460188,7,10,403,2.419005366659926e-05,3.094937318880188e-05,0.879801395252671,COMPLETE
21,0.30557705886250375,2026-06-04 18:52:45.760843,2026-06-04 18:52:46.179621,0 days 00:00:00.418778,0.9543853906027923,2.8188540970559197,0.045579066455956996,9,9,496,3.596322150299987e-07,0.005378634812581329,0.9543483139577891,COMPLETE
22,0.3053826659538178,2026-06-04 18:52:46.179645,2026-06-04 18:52:46.633060,0 days 00:00:00.453415,0.8488517514500821,2.8360498848203033,0.03631208312110286,9,8,458,2.086573680490988e-05,4.403482112931799e-06,0.99678352356634,COMPLETE
23,0.2633843048251483,2026-06-04 18:52:46.633082,2026-06-04 18:52:47.422274,0 days 00:00:00.789192,0.994648939743437,2.193316124789002,0.01725661613020632,8,6,481,2.8858456033837537e-06,0.0003910299978628322,0.6073248792362046,COMPLETE
24,0.305348630231949,2026-06-04 18:52:47.422300,2026-06-04 18:52:47.929196,0 days 00:00:00.506896,0.9059048156054021,4.227884737920097,0.02406513198288884,9,9,416,0.00011766838566276542,0.004515058998973695,0.9002134863903756,COMPLETE
25,0.31024461703256356,2026-06-04 18:52:47.929225,2026-06-04 18:52:48.303520,0 days 00:00:00.374295,0.9541781922235121,2.690531737101999,0.01565268882780744,8,10,178,0.001676408280416681,5.204623902903071e-08,0.9553001681620932,COMPLETE
26,0.2641263714024076,2026-06-04 18:52:48.303548,2026-06-04 18:52:48.563151,0 days 00:00:00.259603,0.8325873147129733,3.5739754242374886,0.016130692708720723,6,10,156,0.0020652669031730924,1.1864460882938324e-07,0.9483805320998333,COMPLETE
27,0.31431814690182236,2026-06-04 18:52:48.563175,2026-06-04 18:52:48.943851,0 days 00:00:00.380676,0.9554210632414066,2.624983307039009,0.010201520706783016,8,10,193,0.0007951997536168855,6.6240647089451e-08,0.959042144455634,COMPLETE
28,0.27287758165414644,2026-06-04 18:52:48.943876,2026-06-04 18:52:49.267382,0 days 00:00:00.323506,0.760015431980097,1.7576527616126014,0.010147916539345199,7,10,178,0.004358822125009164,8.469358491795135e-08,0.960416524515204,COMPLETE
29,0.2028797235736328,2026-06-04 18:52:49.267407,2026-06-04 18:52:49.589368,0 days 00:00:00.321961,0.9590842083994554,0.6133315508826502,0.15921728208236582,8,8,199,0.0003335720526747783,1.029299821033847e-05,0.8582743244810346,COMPLETE
